,statsec_name,CODSEC,statsec_code,city_part,male_under18,male_18_65,male_65plus,male,female_under18,female_18_65,female_65plus,female,total_under18,total_18_65,total_65plus,active_population,employed,unemployed,inactive,rel_male_under18,rel_male_18_65,rel_male_65plus,rel_male,rel_female_under18,rel_female_18_65,rel_female_65plus,rel_female,rel_total_under18,rel_total_18_65,rel_total_65plus,rel_active_population,rel_employed,rel_unemployed,rel_inactive,total_citizens,outg_commuters,inc_commuters,companies,companies_rel,companies_per_100pop,unregistered_students_est,students_plus_citizens,students_per_inhabitant,hh_1pers,hh_2pers,hh_3pers,hh_4pers,hh_5pers,average_hh_size,total_hh,share_hh_with_car,average_nr_cars_hh,median_houseprice,median_income
0,Leuven-Centrum,24062A00-,A00,LEUVEN CENTRUM,50.0,419.0,22.0,491.0,38.0,321.0,26.0,385.0,88.0,740.0,48.0,460.0,433.0,27.0,416.0,0.06,0.48,0.03,0.57,0.04,0.37,0.03,0.44,0.1,0.85,0.06,0.53,0.49,0.03,0.47,876.0,123.0,1772.573384465301,1007.0,0.033874928516163756,114.95433789954336,1194.0,2070.0,0.576811594202899,408.0,117.0,26.0,29.0,7.0,1.4877910278250992,587.0,0.579,0.714,335413.0,17691.0
1,Lei - Vismarkt,24062A01-,A01,LEUVEN CENTRUM,19.0,359.0,54.0,432.0,26.0,303.0,74.0,403.0,45.0,662.0,128.0,432.0,400.0,32.0,403.0,0.02,0.43,0.06,0.51,0.03,0.36,0.09,0.48,0.05,0.79,0.15,0.52,0.48,0.04,0.48,835.0,173.0,1422.2833114676894,808.0,0.027180677498570324,96.76646706586827,1635.0,2470.0,0.6619433198380567,417.0,140.0,23.0,9.0,6.0,1.4056531703590527,595.0,0.579,0.714,310810.0,21695.0
2,Leuven Stadspark,24062A02-,A02,LEUVEN CENTRUM,7.0,116.0,24.0,147.0,8.0,77.0,57.0,142.0,15.0,193.0,81.0,87.0,86.0,1.0,202.0,0.02,0.4,0.08,0.5,0.03,0.27,0.2,0.5,0.05,0.67,0.28,0.3,0.3,0.0,0.7,289.0,44.0,561.5202677700407,319.0,0.010730985299559324,110.38062283737024,566.0,855.0,0.6619883040935672,136.0,38.0,6.0,0.0,0.0,1.2777777777777777,180.0,0.579,0.714,353725.0,23533.0
3,Damiaanplein,24062A03-,A03,LEUVEN ZUID,19.0,282.0,61.0,362.0,17.0,242.0,76.0,335.0,36.0,524.0,137.0,217.0,208.0,8.0,480.0,0.03,0.4,0.09,0.52,0.02,0.35,0.11,0.48,0.05,0.75,0.2,0.31,0.3,0.01,0.69,697.0,69.0,459.4256736300333,261.0,0.00877989706327581,37.44619799139168,1089.0,1786.0,0.6097424412094065,358.0,82.0,9.0,10.0,0.0,1.2832244008714597,459.0,0.612,0.811,346626.0,25133.0
4,LEUVEN KLINIEK -O.L.VROUW-KERK,24062A04-,A04,LEUVEN ZUID,7.0,90.0,16.0,113.0,6.0,93.0,11.0,110.0,13.0,183.0,27.0,112.0,107.0,5.0,110.0,0.03,0.41,0.07,0.51,0.03,0.42,0.05,0.5,0.06,0.83,0.12,0.5,0.48,0.02,0.5,222.0,48.0,346.76956975140445,197.0,0.006626972112894002,88.73873873873875,495.0,717.0,0.6903765690376569,143.0,21.0,7.0,0.0,0.0,1.2046783625730995,171.0,0.612,0.811,325522.0,21768.0
5,Leuven Mechelse straat,24062A05-,A05,LEUVEN NOORD,81.0,434.0,52.0,567.0,82.0,380.0,51.0,513.0,163.0,814.0,103.0,566.0,547.0,19.0,514.0,0.08,0.4,0.05,0.53,0.08,0.35,0.05,0.48,0.16,0.75,0.1,0.52,0.51,0.02,0.48,1080.0,216.0,508.71271907693347,289.0,0.009721801729067852,26.75925925925926,452.0,1532.0,0.2950391644908616,300.0,171.0,59.0,34.0,21.0,1.8399833229101519,585.0,0.655,0.828,305714.0,24665.0
6,Leuven Vaart,24062A07-,A07,LEUVEN NOORD,105.0,550.0,54.0,709.0,105.0,533.0,67.0,705.0,210.0,1083.0,121.0,627.0,592.0,34.0,786.0,0.07,0.39,0.04,0.5,0.07,0.38,0.05,0.5,0.14,0.77,0.09,0.44,0.42,0.02,0.56,1413.0,87.0,866.0437985669593,492.0,0.016550610556060146,34.81953290870488,615.0,2028.0,0.3032544378698225,566.0,200.0,56.0,42.0,21.0,1.6254237288135593,885.0,0.655,0.828,324188.0,26712.0
7,Leuven Diestse straat,24062A10-,A10,LEUVEN CENTRUM,11.0,160.0,16.0,187.0,13.0,111.0,36.0,160.0,24.0,271.0,52.0,196.0,186.0,10.0,150.0,0.03,0.46,0.05,0.54,0.04,0.32,0.1,0.46,0.07,0.78,0.15,0.57,0.54,0.03,0.43,346.0,65.0,1019.1856897769705,579.0,0.01947724291048542,167.34104046242774,459.0,805.0,0.5701863354037268,160.0,47.0,16.0,5.0,0.0,1.412280701754386,228.0,0.579,0.714,333340.0,21034.0
8,Vital Decoster,24062A11-,A11,LEUVEN NOORD,33.0,274.0,50.0,357.0,24.0,265.0,82.0,371.0,57.0,539.0,132.0,333.0,321.0,12.0,395.0,0.05,0.38,0.07,0.5,0.03,0.36,0.11,0.5,0.08,0.74,0.18,0.46,0.44,0.02,0.54,728.0,136.0,647.772597302116,368.0,0.012379318464695395,50.54945054945055,1033.0,1761.0,0.5865985235661556,341.0,102.0,28.0,13.0,8.0,1.4784552845528456,492.0,0.655,0.828,327523.0,24620.0
9,Sint-Maartensdal,24062A12-,A12,LEUVEN NOORD,174.0,416.0,82.0,672.0,151.0,418.0,200.0,769.0,325.0,834.0,282.0,486.0,416.0,70.0,955.0,0.12,0.29,0.06,0.47,0.1,0.29,0.14,0.53,0.22,0.58,0.2,0.34,0.29,0.05,0.66,1441.0,83.0,177.78541393346117,101.0,0.0033975846873212905,7.009021512838307,115.0,1556.0,0.07390745501285347,443.0,131.0,105.0,63.0,32.0,1.863910422049957,774.0,0.655,0.828,329223.0,15441.0
10,Van Monsstraat,24062A13-,A13,LEUVEN NOORD,73.0,503.0,82.0,658.0,79.0,466.0,100.0,645.0,152.0,969.0,182.0,702.0,670.0,32.0,601.0,0.06,0.39,0.06,0.51,0.06,0.36,0.08,0.5,0.12,0.75,0.14,0.54,0.51,0.02,0.46,1303.0,304.0,631.9303326941838,359.0,0.012076563393547953,27.551803530314658,628.0,1931.0,0.3252200932159503,492.0,169.0,63.0,46.0,18.0,1.646874165108202,788.0,0.655,0.828,328550.0,23881.0
11,Leuven Diestsevest,24062A14-,A14,LEUVEN CENTRUM,0.0,45.0,0.0,45.0,0.0,26.0,0.0,26.0,0.0,71.0,0.0,43.0,42.0,1.0,28.0,0.0,0.63,0.0,0.63,0.0,0.37,0.0,0.37,0.0,1.0,0.0,0.61,0.59,0.01,0.39,71.0,18.0,334.4478083896794,190.0,0.0063914959464459915,267.6056338028169,44.0,115.0,0.3826086956521739,31.0,14.0,0.0,0.0,0.0,1.3111111111111111,45.0,0.579,0.714,327322.0,23346.0
12,Kardinaalstraat,24062A15-,A15,LEUVEN NOORD,56.0,379.0,58.0,493.0,52.0,327.0,77.0,456.0,108.0,706.0,135.0,437.0,425.0,12.0,512.0,0.06,0.4,0.06,0.52,0.05,0.34,0.08,0.47,0.11,0.74,0.14,0.46,0.45,0.01,0.54,949.0,190.0,464.70642849934404,264.0,0.008880815420324957,27.81875658587987,1069.0,2018.0,0.5297324083250743,367.0,119.0,39.0,27.0,19.0,1.6353226458305266,571.0,0.655,0.828,321093.0,24813.0
13,Leuven Station,24062A17-,A17,LEUVEN CENTRUM,0.0,0.0,0.0,0.0,0.0,0.0,0.0,0.0,0.0,0.0,0.0,0.0,0.0,0.0,0.0,,,,,,,,,,,,,,,,0.0,0.0,258.75698859622565,147.0,0.004944999495408215,,,,,0.0,0.0,0.0,0.0,0.0,0.0,0.0,0.579,0.714,,
14,Bondgenotenlaan,24062A20-,A20,LEUVEN CENTRUM,21.0,215.0,19.0,255.0,13.0,209.0,31.0,253.0,34.0,424.0,50.0,320.0,306.0,15.0,187.0,0.04,0.42,0.04,0.5,0.03,0.41,0.06,0.5,0.07,0.83,0.1,0.63,0.6,0.03,0.37,507.0,136.0,1138.8828001480135,647.0,0.021764725670266088,127.61341222879685,557.0,1064.0,0.5234962406015038,256.0,81.0,11.0,10.0,,1.3715083798882681,358.0,0.579,0.714,345115.0,22551.0
15,Lepelstraat,24062A21-,A21,LEUVEN CENTRUM,0.0,112.0,12.0,124.0,8.0,104.0,9.0,121.0,8.0,216.0,21.0,166.0,160.0,6.0,80.0,0.0,0.46,0.05,0.51,0.03,0.42,0.04,0.49,0.03,0.88,0.09,0.67,0.65,0.02,0.33,246.0,92.0,202.42893665691122,115.0,0.003868537020217311,46.7479674796748,248.0,494.0,0.5020242914979757,140.0,35.0,0.0,0.0,0.0,1.2,175.0,0.579,0.714,338584.0,24593.0
16,Maria-Theresiastraat,24062A22-,A22,LEUVEN ZUID,10.0,133.0,19.0,162.0,10.0,118.0,27.0,155.0,20.0,251.0,46.0,172.0,165.0,7.0,145.0,0.03,0.42,0.06,0.51,0.03,0.37,0.09,0.49,0.06,0.79,0.15,0.54,0.52,0.02,0.46,317.0,89.0,311.5645372893329,177.0,0.005954183065899687,55.83596214511041,393.0,710.0,0.5535211267605634,136.0,45.0,17.0,6.0,0.0,1.4754901960784315,204.0,0.612,0.811,358051.0,23707.0
17,Ladeuze,24062A23-,A23,LEUVEN CENTRUM,11.0,107.0,26.0,144.0,14.0,100.0,31.0,145.0,25.0,207.0,57.0,126.0,123.0,4.0,163.0,0.04,0.37,0.09,0.5,0.05,0.35,0.11,0.51,0.09,0.72,0.2,0.44,0.43,0.01,0.56,289.0,47.0,709.3814041107411,403.0,0.013556699296935445,139.44636678200692,474.0,763.0,0.6212319790301442,152.0,35.0,9.0,6.0,0.0,1.3514851485148516,202.0,0.579,0.714,359506.0,22051.0
18,Tiensestraat,24062A30-,A30,LEUVEN ZUID,27.0,272.0,16.0,315.0,23.0,205.0,26.0,254.0,50.0,477.0,42.0,241.0,220.0,22.0,329.0,0.05,0.48,0.03,0.56,0.04,0.36,0.05,0.45,0.09,0.84,0.08,0.42,0.39,0.04,0.58,570.0,95.0,686.4981330103946,390.0,0.01311938641638914,68.42105263157895,820.0,1390.0,0.5899280575539568,288.0,75.0,12.0,9.0,8.0,1.4088921282798832,392.0,0.612,0.811,363884.0,16772.0
19,Blijde Inkomststraat,24062A31-,A31,LEUVEN ZUID,13.0,185.0,27.0,225.0,13.0,160.0,34.0,207.0,26.0,345.0,61.0,174.0,163.0,11.0,259.0,0.03,0.43,0.06,0.52,0.03,0.37,0.08,0.48,0.06,0.8,0.14,0.4,0.38,0.03,0.6,433.0,65.0,272.8390015810543,155.0,0.005214115114205941,35.79676674364896,624.0,1057.0,0.5903500473036897,221.0,43.0,14.0,6.0,10.0,1.465986394557823,294.0,0.612,0.811,375324.0,21313.0
20,Kleine Gevangenis,24062A32-,A32,LEUVEN ZUID,116.0,939.0,81.0,1136.0,96.0,773.0,120.0,989.0,212.0,1712.0,201.0,1048.0,1011.0,38.0,1078.0,0.05,0.44,0.04,0.53,0.05,0.36,0.06,0.47,0.1,0.8,0.1,0.49,0.48,0.02,0.51,2126.0,490.0,1503.2548861304538,854.0,0.02872809230665725,40.169332079021636,2327.0,4453.0,0.5225690545699528,869.0,274.0,75.0,58.0,34.0,1.5711893622260529,1310.0,0.612,0.811,370920.0,23045.0
21,Brabanconnestraat,24062A33-,A33,LEUVEN ZUID,31.0,359.0,30.0,420.0,33.0,242.0,36.0,311.0,64.0,601.0,66.0,319.0,307.0,12.0,411.0,0.04,0.49,0.04,0.57,0.05,0.33,0.05,0.43,0.09,0.82,0.09,0.44,0.42,0.02,0.56,730.0,127.0,299.2427759276079,170.0,0.005718706899451677,23.28767123287671,1424.0,2154.0,0.6610956360259982,305.0,90.0,19.0,14.0,11.0,1.49373576309795,439.0,0.612,0.811,356601.0,21207.0
22,Centrale Gevangenis,24062A34-,A34,LEUVEN ZUID,0.0,120.0,4.0,124.0,0.0,0.0,0.0,0.0,0.0,120.0,4.0,2.0,1.0,1.0,122.0,0.0,0.97,0.03,1.0,0.0,0.0,0.0,0.0,0.0,0.97,0.03,0.02,0.01,0.01,0.98,124.0,5.0,5.280754869310728,3.0,0.00010091835704914725,2.4193548387096775,,,,0.0,0.0,0.0,0.0,0.0,,0.0,0.612,0.811,,
23,Vesalius,24062A35-,A35,LEUVEN ZUID,9.0,118.0,92.0,219.0,17.0,88.0,216.0,321.0,26.0,206.0,308.0,133.0,122.0,12.0,408.0,0.02,0.22,0.17,0.41,0.03,0.16,0.4,0.59,0.05,0.38,0.57,0.25,0.23,0.02,0.75,541.0,36.0,227.0724593803613,129.0,0.004339489353113331,23.844731977818853,708.0,1249.0,0.5668534827862289,187.0,26.0,9.0,5.0,6.0,1.3605150214592274,233.0,0.612,0.811,362190.0,15415.0
24,Van Even,24062A36-,A36,LEUVEN ZUID,44.0,279.0,24.0,347.0,25.0,265.0,33.0,323.0,69.0,544.0,57.0,256.0,246.0,10.0,415.0,0.07,0.42,0.04,0.53,0.04,0.39,0.05,0.48,0.11,0.81,0.09,0.38,0.37,0.01,0.62,671.0,119.0,306.28378242002225,174.0,0.00585326470885054,25.93144560357675,1578.0,2249.0,0.701645175633615,339.0,75.0,13.0,18.0,11.0,1.447537112010796,456.0,0.612,0.811,386063.0,19923.0
25,Sint-Kwintens,24062A40-,A40,LEUVEN ZUID,38.0,280.0,32.0,350.0,30.0,269.0,40.0,339.0,68.0,549.0,72.0,351.0,333.0,17.0,340.0,0.05,0.41,0.05,0.51,0.04,0.39,0.06,0.49,0.09,0.8,0.11,0.51,0.48,0.02,0.49,691.0,158.0,323.886298651058,184.0,0.006189659232347698,26.62807525325615,583.0,1274.0,0.4576138147566719,294.0,110.0,20.0,18.0,8.0,1.528395061728395,450.0,0.612,0.811,389595.0,22320.0
26,Leuven Naamsestraat-Noord,24062A41-,A41,LEUVEN ZUID,26.0,149.0,11.0,186.0,13.0,124.0,28.0,165.0,39.0,273.0,39.0,115.0,113.0,2.0,236.0,0.07,0.42,0.03,0.52,0.04,0.35,0.08,0.47,0.11,0.77,0.11,0.33,0.32,0.01,0.67,351.0,30.0,322.12604702795437,183.0,0.0061560197799979816,52.13675213675214,535.0,886.0,0.6038374717832957,147.0,32.0,19.0,11.0,5.0,1.5981308411214954,214.0,0.612,0.811,375916.0,19333.0
27,Leuven Nieuw Kwartier,24062A42-,A42,LEUVEN ZUID,153.0,849.0,108.0,1110.0,150.0,785.0,127.0,1062.0,303.0,1634.0,235.0,1036.0,997.0,40.0,1137.0,0.07,0.39,0.05,0.51,0.07,0.36,0.06,0.49,0.14,0.75,0.11,0.48,0.46,0.02,0.52,2173.0,464.0,1318.4284657045785,749.0,0.025195949809937095,34.468476760239305,2511.0,4684.0,0.5360802732707088,757.0,278.0,90.0,78.0,53.0,1.7299542839531536,1256.0,0.612,0.811,393238.0,23710.0
28,Groot Begijnhof,24062A43-,A43,LEUVEN ZUID,16.0,90.0,9.0,115.0,11.0,119.0,0.0,130.0,27.0,209.0,9.0,124.0,124.0,0.0,122.0,0.07,0.37,0.04,0.48,0.04,0.48,0.0,0.52,0.11,0.85,0.04,0.5,0.5,0.0,0.5,246.0,21.0,29.924277592760788,17.0,0.0005718706899451677,6.910569105691057,143.0,389.0,0.3676092544987147,91.0,33.0,17.0,7.0,0.0,1.5945945945945945,148.0,0.612,0.811,370500.0,25757.0
29,Redingen,24062A44-,A44,LEUVEN ZUID,63.0,427.0,52.0,542.0,46.0,360.0,70.0,476.0,109.0,787.0,122.0,492.0,472.0,20.0,527.0,0.06,0.42,0.05,0.53,0.05,0.35,0.07,0.47,0.11,0.77,0.12,0.48,0.46,0.02,0.52,1019.0,220.0,469.98718336865477,267.0,0.008981733777374105,26.20215897939156,627.0,1646.0,0.38092345078979345,398.0,145.0,47.0,31.0,13.0,1.6130013519603426,634.0,0.612,0.811,350804.0,23331.0
30,Sint-Jacobs,24062A50-,A50,LEUVEN NOORD,18.0,157.0,28.0,203.0,21.0,141.0,85.0,247.0,39.0,298.0,113.0,215.0,205.0,11.0,235.0,0.04,0.35,0.06,0.45,0.05,0.31,0.19,0.55,0.09,0.66,0.25,0.48,0.46,0.02,0.52,450.0,99.0,267.55824671174355,152.0,0.005113196757156793,33.77777777777778,417.0,867.0,0.4809688581314879,231.0,58.0,16.0,6.0,,1.347266881028939,311.0,0.655,0.828,323426.0,17655.0
31,Bruul,24062A51-,A51,LEUVEN NOORD,171.0,790.0,147.0,1108.0,180.0,757.0,213.0,1150.0,351.0,1547.0,360.0,1093.0,1038.0,55.0,1165.0,0.08,0.35,0.07,0.5,0.08,0.34,0.09,0.51,0.16,0.69,0.16,0.48,0.46,0.02,0.52,2258.0,437.0,880.125811551788,500.0,0.016819726174857875,22.143489813994684,793.0,3051.0,0.25991478203867585,835.0,303.0,114.0,54.0,44.0,1.6610401891252955,1350.0,0.655,0.828,300760.0,22180.0
32,Bankstraat,24062A52-,A52,LEUVEN NOORD,116.0,804.0,98.0,1018.0,132.0,777.0,137.0,1046.0,248.0,1581.0,235.0,1064.0,1023.0,41.0,1000.0,0.06,0.39,0.05,0.5,0.06,0.38,0.07,0.51,0.12,0.77,0.12,0.52,0.5,0.02,0.48,2064.0,396.0,735.7851784572947,418.0,0.014061291082181182,20.251937984496124,1022.0,3086.0,0.3311730395333765,850.0,292.0,83.0,63.0,24.0,1.571798780487805,1312.0,0.655,0.828,344708.0,25499.0
33,Mannenstraat,24062A53-,A53,LEUVEN NOORD,153.0,646.0,108.0,907.0,152.0,655.0,149.0,956.0,305.0,1301.0,257.0,794.0,750.0,44.0,1070.0,0.08,0.35,0.06,0.49,0.08,0.35,0.08,0.51,0.16,0.7,0.14,0.43,0.4,0.02,0.57,1864.0,324.0,542.1574999159013,308.0,0.01036095132371245,16.523605150214593,816.0,2680.0,0.3044776119402985,592.0,254.0,98.0,65.0,37.0,1.78945643266867,1046.0,0.655,0.828,322095.0,20628.0
34,Noormannen,24062A54-,A54,LEUVEN NOORD,128.0,639.0,83.0,850.0,142.0,570.0,102.0,814.0,270.0,1209.0,185.0,883.0,844.0,40.0,781.0,0.08,0.38,0.05,0.51,0.09,0.34,0.06,0.49,0.17,0.72,0.11,0.53,0.51,0.02,0.47,1664.0,363.0,602.0060551014229,342.0,0.011504692703602786,20.552884615384613,682.0,2346.0,0.2907075873827792,509.0,236.0,88.0,53.0,37.0,1.802365474900686,923.0,0.655,0.828,302511.0,24654.0
35,Keizersberg,24062A55-,A55,LEUVEN NOORD,50.0,180.0,43.0,273.0,36.0,146.0,46.0,228.0,86.0,326.0,89.0,188.0,179.0,9.0,313.0,0.1,0.36,0.09,0.55,0.07,0.29,0.09,0.45,0.17,0.65,0.18,0.38,0.36,0.02,0.62,501.0,87.0,174.264910687254,99.0,0.003330305782621859,19.760479041916167,222.0,723.0,0.3070539419087137,120.0,56.0,25.0,25.0,12.0,1.9924369747899162,238.0,0.655,0.828,312470.0,26005.0
36,Kareelveld,24062A61-,A61,LEUVEN NOORD,77.0,252.0,82.0,411.0,77.0,238.0,132.0,447.0,154.0,490.0,214.0,371.0,360.0,11.0,488.0,0.09,0.29,0.1,0.48,0.09,0.28,0.15,0.52,0.18,0.57,0.25,0.43,0.42,0.01,0.57,859.0,169.0,577.3625323779728,328.0,0.011033740370706764,38.18393480791618,76.0,935.0,0.08128342245989305,144.0,121.0,31.0,39.0,29.0,2.1747252747252745,364.0,0.655,0.828,320016.0,27925.0
37,Wilsele-Centrum,24062B00-,B00,WILSELE WIJGMAAL,76.0,205.0,79.0,360.0,52.0,186.0,103.0,341.0,128.0,391.0,182.0,312.0,305.0,7.0,389.0,0.11,0.29,0.11,0.51,0.07,0.27,0.15,0.49,0.18,0.56,0.26,0.45,0.44,0.01,0.55,701.0,106.0,322.12604702795437,183.0,0.0061560197799979816,26.105563480741793,18.0,719.0,0.025034770514603615,90.0,118.0,40.0,40.0,17.0,2.2990163934426233,305.0,0.925,1.45,313924.0,31223.0
38,Vaartdijk,24062B08-,B08,WILSELE WIJGMAAL,5.0,12.0,6.0,23.0,5.0,10.0,5.0,20.0,10.0,22.0,11.0,21.0,21.0,0.0,22.0,0.12,0.28,0.14,0.54,0.12,0.23,0.12,0.47,0.24,0.51,0.26,0.49,0.49,0.0,0.51,43.0,6.0,54.56780031621085,31.0,0.0010428230228411882,72.09302325581395,1.0,44.0,0.022727272727272728,9.0,0.0,0.0,0.0,0.0,1.0,9.0,0.925,1.45,,
39,Puthof,24062B091,B091,WILSELE WIJGMAAL,6.0,21.0,0.0,27.0,5.0,22.0,0.0,27.0,11.0,43.0,0.0,32.0,31.0,1.0,23.0,0.11,0.38,0.0,0.49,0.09,0.4,0.0,0.49,0.2,0.78,0.0,0.58,0.56,0.02,0.42,55.0,8.0,28.16402596965721,16.0,0.0005382312375954519,29.09090909090909,2.0,57.0,0.03508771929824561,14.0,7.0,0.0,0.0,0.0,1.3333333333333333,21.0,0.925,1.45,302130.0,28654.0
40,Putkapel-Centrum,24062B100,B100,WILSELE WIJGMAAL,252.0,687.0,179.0,1118.0,250.0,678.0,260.0,1188.0,502.0,1365.0,439.0,1107.0,1079.0,28.0,1199.0,0.11,0.3,0.08,0.49,0.11,0.29,0.11,0.51,0.22,0.59,0.19,0.48,0.47,0.01,0.52,2306.0,368.0,1117.7597806707706,635.0,0.0213610522420695,27.53686036426713,58.0,2364.0,0.024534686971235193,249.0,289.0,136.0,146.0,78.0,2.484727966910595,898.0,0.925,1.45,301699.0,28202.0
41,Nieuwe Steenweg,24062B11-,B11,WILSELE WIJGMAAL,58.0,154.0,38.0,250.0,54.0,157.0,49.0,260.0,112.0,311.0,87.0,260.0,259.0,1.0,250.0,0.11,0.3,0.07,0.48,0.11,0.31,0.1,0.52,0.22,0.61,0.17,0.51,0.51,0.0,0.49,510.0,101.0,172.50465906415045,98.0,0.003296666330272143,19.215686274509807,7.0,517.0,0.013539651837524178,42.0,66.0,42.0,36.0,13.0,2.58391959798995,199.0,0.925,1.45,295766.0,30593.0
42,Kwade Hoek,24062B122,B122,WILSELE WIJGMAAL,159.0,447.0,94.0,700.0,129.0,458.0,98.0,685.0,288.0,905.0,192.0,641.0,628.0,13.0,743.0,0.11,0.32,0.07,0.5,0.09,0.33,0.07,0.49,0.2,0.65,0.14,0.46,0.45,0.01,0.54,1384.0,271.0,385.4951054596831,219.0,0.007367040064587748,15.823699421965317,10.0,1394.0,0.007173601147776184,83.0,213.0,98.0,87.0,44.0,2.638827838827839,525.0,0.925,1.45,304015.0,34661.0
43,Draak,24062B132,B132,WILSELE WIJGMAAL,76.0,173.0,39.0,288.0,73.0,181.0,43.0,297.0,149.0,354.0,82.0,242.0,236.0,6.0,342.0,0.13,0.3,0.07,0.5,0.12,0.31,0.07,0.5,0.25,0.61,0.14,0.41,0.4,0.01,0.59,584.0,115.0,172.50465906415045,98.0,0.003296666330272143,16.78082191780822,2.0,586.0,0.0034129692832764505,41.0,77.0,33.0,35.0,27.0,2.681112314915132,213.0,0.925,1.45,300102.0,33242.0
44,PUTKAPEL-VERSPREIDE BEWONING,24062B191,B191,WILSELE WIJGMAAL,29.0,57.0,17.0,103.0,23.0,55.0,18.0,96.0,52.0,112.0,35.0,90.0,89.0,1.0,109.0,0.15,0.29,0.09,0.53,0.12,0.28,0.09,0.49,0.27,0.57,0.18,0.45,0.45,0.01,0.55,199.0,23.0,61.60880680862516,35.0,0.0011773808322400512,17.587939698492463,,,,13.0,25.0,10.0,17.0,7.0,2.7708333333333335,72.0,0.925,1.45,306394.0,31523.0
45,Wilsele Industriezone,24062B27-,B27,WILSELE WIJGMAAL,0.0,0.0,0.0,0.0,0.0,0.0,0.0,0.0,0.0,0.0,0.0,0.0,0.0,0.0,0.0,,,,,,,,,,,,,,,,0.0,2.0,95.05358764759309,54.0,0.0018165304268846503,,2.0,2.0,1.0,0.0,0.0,0.0,0.0,0.0,,0.0,0.925,1.45,,
46,Sint-Martinus,24062B300,B300,WILSELE WIJGMAAL,45.0,134.0,31.0,210.0,39.0,140.0,43.0,222.0,84.0,274.0,74.0,225.0,221.0,4.0,208.0,0.1,0.31,0.07,0.48,0.09,0.32,0.1,0.51,0.19,0.63,0.17,0.52,0.51,0.01,0.48,433.0,96.0,242.9147239882935,138.0,0.0046422444242607734,31.87066974595843,9.0,442.0,0.020361990950226245,41.0,62.0,29.0,16.0,22.0,2.6,170.0,0.925,1.45,324826.0,31356.0
47,Wilsele Oud Centrum,24062B32-,B32,WILSELE WIJGMAAL,45.0,165.0,79.0,289.0,52.0,169.0,100.0,321.0,97.0,334.0,179.0,267.0,261.0,6.0,343.0,0.07,0.27,0.13,0.47,0.09,0.28,0.16,0.53,0.16,0.55,0.29,0.44,0.43,0.01,0.56,610.0,116.0,235.87371749587916,134.0,0.00450768661486191,21.9672131147541,11.0,621.0,0.017713365539452495,102.0,97.0,27.0,31.0,20.0,2.1977537103890894,277.0,0.925,1.45,325438.0,30116.0
48,Wilsele Mechelse Poort,24062B33-,B33,WILSELE WIJGMAAL,84.0,355.0,78.0,517.0,94.0,336.0,104.0,534.0,178.0,691.0,182.0,487.0,459.0,28.0,564.0,0.08,0.34,0.07,0.49,0.09,0.32,0.1,0.51,0.17,0.66,0.17,0.46,0.44,0.03,0.54,1051.0,223.0,413.65913142934033,235.0,0.0079052713021832,22.359657469077067,40.0,1091.0,0.03666361136571952,195.0,184.0,57.0,47.0,23.0,2.0631491865061125,506.0,0.925,1.45,322825.0,24317.0
49,Roeselberg,24062B34-,B34,WILSELE WIJGMAAL,99.0,255.0,64.0,418.0,97.0,251.0,67.0,415.0,196.0,506.0,131.0,394.0,380.0,14.0,439.0,0.12,0.31,0.08,0.51,0.12,0.3,0.08,0.5,0.24,0.61,0.16,0.47,0.46,0.02,0.53,833.0,137.0,230.59296262656844,131.0,0.004406768257812763,15.72629051620648,17.0,850.0,0.02,71.0,92.0,44.0,62.0,38.0,2.7285559174809992,307.0,0.925,1.45,323129.0,28949.0
50,Koksijdewijk,24062B352,B352,WILSELE WIJGMAAL,71.0,183.0,35.0,289.0,63.0,196.0,51.0,310.0,134.0,379.0,86.0,301.0,293.0,7.0,297.0,0.12,0.31,0.06,0.49,0.11,0.33,0.09,0.53,0.23,0.64,0.15,0.5,0.49,0.01,0.5,598.0,90.0,167.2239041948397,95.0,0.0031957479732229958,15.88628762541806,8.0,606.0,0.013201320132013201,57.0,81.0,39.0,41.0,19.0,2.5639943741209565,237.0,0.925,1.45,320049.0,27799.0
51,Zwaaikom,24062B37-,B37,WILSELE WIJGMAAL,6.0,42.0,5.0,53.0,6.0,32.0,0.0,38.0,12.0,74.0,5.0,56.0,55.0,1.0,35.0,0.07,0.46,0.05,0.58,0.07,0.35,0.0,0.42,0.14,0.81,0.05,0.62,0.6,0.01,0.38,91.0,18.0,323.886298651058,184.0,0.006189659232347698,202.1978021978022,6.0,97.0,0.061855670103092786,18.0,13.0,9.0,0.0,0.0,1.775,40.0,0.925,1.45,326691.0,26155.0
52,Langeveld-Verspreide Bewoning,24062B391,B391,WILSELE WIJGMAAL,13.0,37.0,0.0,50.0,14.0,35.0,6.0,55.0,27.0,72.0,6.0,55.0,55.0,0.0,49.0,0.12,0.36,0.0,0.48,0.13,0.34,0.06,0.53,0.25,0.7,0.06,0.53,0.53,0.0,0.47,104.0,14.0,42.246038954485826,24.0,0.000807346856393178,23.076923076923077,1.0,105.0,0.009523809523809525,6.0,8.0,7.0,9.0,5.0,3.007142857142857,35.0,0.925,1.45,313036.0,28981.0
53,Wilsele Hoek,24062B423,B423,WILSELE WIJGMAAL,39.0,96.0,21.0,156.0,49.0,98.0,25.0,172.0,88.0,194.0,46.0,165.0,164.0,1.0,162.0,0.12,0.29,0.06,0.47,0.15,0.3,0.08,0.53,0.27,0.59,0.14,0.5,0.5,0.0,0.5,327.0,63.0,133.77912335587177,76.0,0.0025565983785783967,23.24159021406728,10.0,337.0,0.02967359050445104,34.0,40.0,17.0,24.0,12.0,2.562992125984252,127.0,0.925,1.45,299747.0,33050.0
54,Blauwput-Centrum,24062C00-,C00,KESSEL-LO NOORD,155.0,610.0,78.0,843.0,151.0,535.0,94.0,780.0,306.0,1145.0,172.0,891.0,863.0,28.0,731.0,0.1,0.38,0.05,0.53,0.09,0.33,0.06,0.48,0.19,0.71,0.11,0.55,0.53,0.02,0.45,1622.0,348.0,1137.12254852491,646.0,0.021731086217916373,39.82737361282368,161.0,1783.0,0.09029725182277061,338.0,244.0,80.0,70.0,47.0,2.0726205758298186,779.0,0.8959999999999999,1.19,321478.0,25096.0
55,Centrale Werkplaatsen,24062C01-,C01,KESSEL-LO ZUID,66.0,228.0,23.0,317.0,68.0,203.0,41.0,312.0,134.0,431.0,64.0,322.0,311.0,11.0,307.0,0.1,0.36,0.04,0.5,0.11,0.32,0.07,0.5,0.21,0.68,0.11,0.51,0.49,0.02,0.49,629.0,71.0,177.78541393346117,101.0,0.0033975846873212905,16.05723370429253,,,,84.0,70.0,35.0,44.0,23.0,2.421875,256.0,0.861,0.811,313782.0,31688.0
56,Kessel-Lo Sportstadion,24062C02-,C02,KESSEL-LO ZUID,174.0,386.0,56.0,616.0,120.0,435.0,73.0,628.0,294.0,821.0,129.0,644.0,627.0,17.0,600.0,0.14,0.31,0.05,0.5,0.1,0.35,0.06,0.51,0.24,0.66,0.11,0.52,0.5,0.01,0.48,1244.0,315.0,533.3562418003835,303.0,0.010192754061963872,24.356913183279744,40.0,1284.0,0.03115264797507788,202.0,185.0,64.0,62.0,43.0,2.2320143884892087,556.0,0.861,0.811,303307.0,26874.0
57,Jeugdsquare,24062C03-,C03,KESSEL-LO NOORD,97.0,205.0,36.0,338.0,93.0,229.0,65.0,387.0,190.0,434.0,101.0,350.0,342.0,8.0,375.0,0.13,0.28,0.05,0.46,0.13,0.32,0.09,0.54,0.26,0.6,0.14,0.48,0.47,0.01,0.52,725.0,154.0,198.90843341070408,113.0,0.003801258115517879,15.586206896551724,15.0,740.0,0.02027027027027027,86.0,99.0,38.0,40.0,27.0,2.4448275862068964,290.0,0.8959999999999999,1.19,319436.0,27990.0
58,Vijverpark,24062C04-,C04,KESSEL-LO NOORD,228.0,477.0,92.0,797.0,224.0,511.0,110.0,845.0,452.0,988.0,202.0,771.0,748.0,23.0,872.0,0.14,0.29,0.06,0.49,0.14,0.31,0.07,0.52,0.28,0.6,0.13,0.47,0.46,0.01,0.53,1643.0,356.0,413.65913142934033,235.0,0.0079052713021832,14.30310407790627,30.0,1673.0,0.017931858936043037,149.0,160.0,88.0,116.0,81.0,2.7529137529137526,594.0,0.8959999999999999,1.19,341408.0,27930.0
59,Kessel-Lo Achter Centrale,24062C05-,C05,KESSEL-LO ZUID,150.0,431.0,54.0,635.0,129.0,446.0,76.0,651.0,279.0,877.0,130.0,647.0,627.0,20.0,640.0,0.12,0.33,0.04,0.49,0.1,0.35,0.06,0.51,0.22,0.68,0.1,0.5,0.49,0.02,0.5,1287.0,270.0,515.7537255693478,293.0,0.009856359538466714,22.766122766122766,344.0,1631.0,0.21091354996934397,370.0,161.0,65.0,60.0,29.0,1.8823357664233575,685.0,0.861,0.811,325382.0,29109.0
60,Vormingsstation,24062C0AJ,C0AJ,KESSEL-LO NOORD,26.0,40.0,0.0,66.0,30.0,42.0,6.0,78.0,56.0,82.0,6.0,17.0,16.0,1.0,128.0,0.18,0.28,0.0,0.46,0.21,0.29,0.04,0.54,0.39,0.57,0.04,0.12,0.11,0.01,0.88,145.0,12.0,38.72553570827867,22.0,0.0007400679516937464,15.172413793103448,4.0,149.0,0.026845637583892617,10.0,9.0,7.0,5.0,11.0,3.423809523809524,42.0,0.8959999999999999,1.19,329706.0,25295.0
61,Heffel,24062C10-,C10,KESSEL-LO NOORD,38.0,158.0,27.0,223.0,62.0,146.0,42.0,250.0,100.0,304.0,69.0,256.0,252.0,4.0,217.0,0.08,0.33,0.06,0.47,0.13,0.31,0.09,0.53,0.21,0.64,0.15,0.54,0.53,0.01,0.46,473.0,109.0,256.99673697312204,146.0,0.004911360043058499,30.866807610993657,16.0,489.0,0.032719836400818,74.0,70.0,26.0,27.0,14.0,2.2385466034755135,211.0,0.8959999999999999,1.19,331008.0,28489.0
62,Vlierbeek,24062C11-,C11,KESSEL-LO NOORD,84.0,308.0,121.0,513.0,110.0,315.0,177.0,602.0,194.0,623.0,298.0,480.0,460.0,20.0,634.0,0.08,0.28,0.11,0.47,0.1,0.28,0.16,0.54,0.18,0.56,0.27,0.43,0.41,0.02,0.57,1114.0,166.0,322.12604702795437,183.0,0.0061560197799979816,16.427289048473966,14.0,1128.0,0.012411347517730497,121.0,167.0,54.0,71.0,38.0,2.452038947266943,451.0,0.8959999999999999,1.19,321556.0,31569.0
63,Heuvelhof,24062C12-,C12,KESSEL-LO NOORD,120.0,255.0,113.0,488.0,98.0,272.0,201.0,571.0,218.0,527.0,314.0,386.0,371.0,15.0,672.0,0.11,0.24,0.11,0.46,0.09,0.26,0.19,0.54,0.2,0.5,0.3,0.36,0.35,0.01,0.64,1058.0,163.0,322.12604702795437,183.0,0.0061560197799979816,17.296786389413988,10.0,1068.0,0.009363295880149813,204.0,108.0,46.0,49.0,41.0,2.204410173160173,448.0,0.8959999999999999,1.19,316733.0,21294.0
64,Pinkstermolen,24062C13-,C13,KESSEL-LO NOORD,207.0,539.0,94.0,840.0,171.0,573.0,101.0,845.0,378.0,1112.0,195.0,854.0,828.0,26.0,831.0,0.12,0.32,0.06,0.5,0.1,0.34,0.06,0.5,0.22,0.66,0.12,0.51,0.49,0.02,0.49,1685.0,380.0,651.2931005483231,370.0,0.012446597369394826,21.958456973293767,32.0,1717.0,0.018637157833430402,161.0,209.0,113.0,117.0,54.0,2.5633861551292743,654.0,0.8959999999999999,1.19,321874.0,29156.0
65,Rerum Novarum,24062C14-,C14,KESSEL-LO ZUID,85.0,214.0,48.0,347.0,83.0,221.0,61.0,365.0,168.0,435.0,109.0,328.0,324.0,4.0,384.0,0.12,0.3,0.07,0.49,0.12,0.31,0.09,0.52,0.24,0.61,0.16,0.46,0.46,0.01,0.54,712.0,167.0,198.90843341070408,113.0,0.003801258115517879,15.870786516853933,2.0,714.0,0.0028011204481792717,55.0,75.0,37.0,59.0,31.0,2.775715853536865,257.0,0.861,0.811,316897.0,37997.0
66,Zavelstraat,24062C2MA,C2MA,KESSEL-LO ZUID,33.0,101.0,18.0,152.0,47.0,106.0,21.0,174.0,80.0,207.0,39.0,167.0,163.0,4.0,159.0,0.1,0.31,0.06,0.47,0.14,0.33,0.06,0.53,0.24,0.64,0.12,0.51,0.5,0.01,0.49,326.0,68.0,188.34692367208262,107.0,0.003599421401419585,32.82208588957055,4.0,330.0,0.012121212121212121,39.0,42.0,14.0,18.0,17.0,2.505982905982906,130.0,0.861,0.811,326748.0,28779.0
67,Lobergen,24062C2PA,C2PA,KESSEL-LO ZUID,35.0,90.0,58.0,183.0,18.0,95.0,97.0,210.0,53.0,185.0,155.0,155.0,154.0,1.0,237.0,0.09,0.23,0.15,0.47,0.05,0.24,0.25,0.54,0.14,0.47,0.4,0.4,0.39,0.0,0.6,392.0,53.0,132.0188717327682,75.0,0.002522958926228681,19.132653061224488,6.0,398.0,0.01507537688442211,34.0,43.0,19.0,20.0,14.0,2.533333333333333,130.0,0.861,0.811,327316.0,22012.0
68,Beneden-Lo,24062C32-,C32,KESSEL-LO ZUID,63.0,237.0,46.0,346.0,97.0,234.0,72.0,403.0,160.0,471.0,118.0,359.0,348.0,11.0,391.0,0.08,0.32,0.06,0.46,0.13,0.31,0.1,0.54,0.21,0.63,0.16,0.48,0.46,0.01,0.52,750.0,121.0,330.92730514347227,188.0,0.00632421704174656,25.066666666666666,10.0,760.0,0.013157894736842105,71.0,103.0,40.0,51.0,28.0,2.5489192263936293,293.0,0.861,0.811,329250.0,32252.0
69,Boven-Lo,24062C39-,C39,KESSEL-LO ZUID,60.0,197.0,64.0,321.0,68.0,206.0,60.0,334.0,128.0,403.0,124.0,298.0,294.0,4.0,357.0,0.09,0.3,0.1,0.49,0.1,0.31,0.09,0.5,0.19,0.61,0.19,0.45,0.45,0.01,0.55,655.0,130.0,264.0377434655364,150.0,0.005045917852457362,22.900763358778626,8.0,663.0,0.012066365007541479,57.0,99.0,26.0,42.0,29.0,2.577239789196311,253.0,0.861,0.811,331055.0,37875.0
70,Klein Rijsel,24062C40-,C40,KESSEL-LO ZUID,31.0,184.0,28.0,243.0,38.0,140.0,47.0,225.0,69.0,324.0,75.0,246.0,240.0,6.0,223.0,0.07,0.39,0.06,0.52,0.08,0.3,0.1,0.48,0.15,0.69,0.16,0.52,0.51,0.01,0.48,469.0,92.0,293.9620210582972,167.0,0.0056177885424025294,35.60767590618337,165.0,634.0,0.26025236593059936,136.0,68.0,20.0,20.0,10.0,1.8385826771653544,254.0,0.861,0.811,356857.0,25271.0
71,Belle Vue,24062C41-,C41,KESSEL-LO ZUID,311.0,1076.0,198.0,1585.0,329.0,1040.0,290.0,1659.0,640.0,2116.0,488.0,1667.0,1612.0,55.0,1577.0,0.1,0.33,0.06,0.49,0.1,0.32,0.09,0.51,0.2,0.65,0.15,0.51,0.5,0.02,0.49,3244.0,800.0,1408.2012984828607,800.0,0.0269115618797726,24.66091245376079,304.0,3548.0,0.08568207440811725,606.0,429.0,177.0,169.0,108.0,2.183992959866608,1489.0,0.861,0.811,337742.0,29159.0
72,Pasteurwijk,24062C42-,C42,KESSEL-LO ZUID,120.0,251.0,43.0,414.0,74.0,271.0,56.0,401.0,194.0,522.0,99.0,419.0,411.0,8.0,396.0,0.15,0.31,0.05,0.51,0.09,0.33,0.07,0.49,0.24,0.64,0.12,0.51,0.5,0.01,0.49,815.0,205.0,322.12604702795437,183.0,0.0061560197799979816,22.45398773006135,12.0,827.0,0.014510278113663845,90.0,105.0,45.0,60.0,27.0,2.530913442361388,327.0,0.861,0.811,339850.0,32032.0
73,Trolieberg,24062C43-,C43,KESSEL-LO ZUID,269.0,878.0,233.0,1380.0,225.0,857.0,294.0,1376.0,494.0,1735.0,527.0,1385.0,1352.0,32.0,1371.0,0.1,0.32,0.08,0.5,0.08,0.31,0.11,0.5,0.18,0.63,0.19,0.5,0.49,0.01,0.5,2756.0,675.0,763.949204426952,434.0,0.014599522319776634,15.747460087082729,70.0,2826.0,0.024769992922859165,453.0,439.0,159.0,133.0,79.0,2.182357450766002,1263.0,0.861,0.811,331785.0,29299.0
74,Don Bosco,24062C44-,C44,KESSEL-LO ZUID,236.0,568.0,158.0,962.0,250.0,594.0,222.0,1066.0,486.0,1162.0,380.0,798.0,741.0,56.0,1231.0,0.12,0.28,0.08,0.48,0.12,0.29,0.11,0.52,0.24,0.57,0.19,0.39,0.37,0.03,0.61,2029.0,226.0,244.67497561139703,139.0,0.004675883876610489,6.850665352390341,29.0,2058.0,0.014091350826044704,320.0,209.0,105.0,126.0,85.0,2.3982530290222597,845.0,0.861,0.811,315792.0,21237.0
75,Beneden Kessel,24062C50-,C50,KESSEL-LO NOORD,234.0,615.0,175.0,1024.0,182.0,620.0,206.0,1008.0,416.0,1235.0,381.0,957.0,932.0,25.0,1075.0,0.12,0.3,0.09,0.51,0.09,0.31,0.1,0.5,0.21,0.61,0.19,0.47,0.46,0.01,0.53,2032.0,433.0,726.9839203417768,413.0,0.013893093820432603,20.3248031496063,47.0,2079.0,0.022607022607022607,296.0,312.0,92.0,112.0,71.0,2.305295308692817,883.0,0.8959999999999999,1.19,321186.0,29462.0
76,Het Broek,24062C51-,C51,KESSEL-LO NOORD,203.0,878.0,141.0,1222.0,188.0,922.0,197.0,1307.0,391.0,1800.0,338.0,1413.0,1373.0,39.0,1116.0,0.08,0.35,0.06,0.49,0.07,0.36,0.08,0.51,0.15,0.71,0.14,0.56,0.54,0.02,0.44,2529.0,710.0,730.504423587984,415.0,0.013960372725132035,16.409648082245948,21.0,2550.0,0.00823529411764706,542.0,453.0,159.0,110.0,31.0,1.9576490776490776,1295.0,0.8959999999999999,1.19,325874.0,29192.0
77,Bruine Veld,24062C52-,C52,KESSEL-LO NOORD,44.0,92.0,42.0,178.0,43.0,85.0,50.0,178.0,87.0,177.0,92.0,148.0,143.0,5.0,208.0,0.12,0.26,0.12,0.5,0.12,0.24,0.14,0.5,0.24,0.5,0.26,0.42,0.4,0.01,0.58,356.0,66.0,89.77283277828236,51.0,0.001715612069835503,14.325842696629213,3.0,359.0,0.008356545961002786,39.0,64.0,16.0,20.0,12.0,2.3509933774834435,151.0,0.8959999999999999,1.19,331217.0,30629.0
78,Dijledreef,24062C58-,C58,KESSEL-LO NOORD,0.0,0.0,0.0,0.0,0.0,0.0,0.0,0.0,0.0,0.0,0.0,0.0,0.0,0.0,0.0,,,,,,,,,,,,,,,,0.0,0.0,14.082012984828605,8.0,0.00026911561879772595,,,,,0.0,0.0,0.0,0.0,0.0,,0.0,0.8959999999999999,1.19,,
79,Barreel,24062C59-,C59,KESSEL-LO NOORD,9.0,18.0,6.0,33.0,7.0,15.0,7.0,29.0,16.0,33.0,13.0,25.0,25.0,0.0,38.0,0.14,0.29,0.1,0.53,0.11,0.24,0.11,0.46,0.25,0.53,0.21,0.4,0.4,0.0,0.6,63.0,9.0,7.0410064924143025,4.0,0.00013455780939886298,6.349206349206349,,,,,6.0,5.0,,5.0,3.875,16.0,0.8959999999999999,1.19,319894.0,26593.0
80,Kesselberg - Leming,24062C61-,C61,KESSEL-LO NOORD,57.0,158.0,44.0,259.0,47.0,170.0,46.0,263.0,104.0,328.0,90.0,246.0,240.0,6.0,275.0,0.11,0.3,0.08,0.49,0.09,0.33,0.09,0.51,0.2,0.63,0.17,0.47,0.46,0.01,0.53,521.0,118.0,218.2712012648434,124.0,0.004171292091364753,23.80038387715931,16.0,537.0,0.0297951582867784,40.0,82.0,27.0,32.0,21.0,2.6003427265803505,202.0,0.8959999999999999,1.19,321144.0,37839.0
81,Plein,24062C63-,C63,KESSEL-LO NOORD,38.0,85.0,20.0,143.0,21.0,90.0,26.0,137.0,59.0,175.0,46.0,142.0,137.0,6.0,138.0,0.14,0.3,0.07,0.51,0.08,0.32,0.09,0.49,0.22,0.62,0.16,0.51,0.49,0.02,0.49,280.0,59.0,147.86113634070037,84.0,0.0028257139973761228,30.0,6.0,286.0,0.02097902097902098,33.0,39.0,9.0,19.0,13.0,2.529932326913066,113.0,0.8959999999999999,1.19,323947.0,27660.0
82,Schoolbergen,24062C68-,C68,KESSEL-LO NOORD,92.0,229.0,50.0,371.0,69.0,207.0,51.0,327.0,161.0,436.0,101.0,327.0,319.0,7.0,371.0,0.13,0.33,0.07,0.53,0.1,0.3,0.07,0.47,0.23,0.63,0.14,0.47,0.46,0.01,0.53,698.0,163.0,311.5645372893329,177.0,0.005954183065899687,25.358166189111746,10.0,708.0,0.014124293785310734,39.0,99.0,42.0,41.0,33.0,2.7547244094488192,254.0,0.8959999999999999,1.19,322386.0,42257.0
83,Heverlee-Centrum,24062D00-,D00,HEVERLEE OOST,73.0,354.0,44.0,471.0,67.0,326.0,69.0,462.0,140.0,680.0,113.0,466.0,456.0,10.0,466.0,0.08,0.38,0.05,0.51,0.07,0.35,0.07,0.49,0.15,0.73,0.12,0.5,0.49,0.01,0.5,932.0,176.0,642.4918424328052,365.0,0.012278400107646248,39.163090128755364,576.0,1508.0,0.3819628647214854,337.0,102.0,33.0,42.0,23.0,1.7288859677949393,537.0,0.8190000000000001,1.14,334598.0,24864.0
84,Heverlee - Dreef,24062D01-,D01,HEVERLEE WEST,29.0,75.0,31.0,135.0,27.0,77.0,38.0,142.0,56.0,152.0,69.0,106.0,105.0,1.0,170.0,0.11,0.27,0.11,0.49,0.1,0.28,0.14,0.52,0.21,0.55,0.25,0.38,0.38,0.0,0.62,276.0,66.0,214.75069801863626,122.0,0.004104013186665321,44.20289855072464,87.0,363.0,0.2396694214876033,56.0,34.0,8.0,14.0,13.0,2.168,125.0,0.816,1.28,337370.0,28507.0
85,Heverlee Naamse Poort,24062D02-,D02,HEVERLEE OOST,69.0,450.0,137.0,656.0,68.0,378.0,208.0,654.0,137.0,828.0,345.0,616.0,582.0,34.0,695.0,0.05,0.34,0.1,0.49,0.05,0.29,0.16,0.5,0.1,0.63,0.26,0.47,0.44,0.03,0.53,1311.0,203.0,637.2110875634945,362.0,0.0121774817505971,27.61250953470633,297.0,1608.0,0.18470149253731344,501.0,185.0,65.0,30.0,21.0,1.6236907730673313,802.0,0.8190000000000001,1.14,362633.0,23177.0
86,Heverlee Station,24062D03-,D03,HEVERLEE OOST,209.0,1037.0,135.0,1381.0,204.0,958.0,275.0,1437.0,413.0,1995.0,410.0,1471.0,1423.0,48.0,1347.0,0.07,0.37,0.05,0.49,0.07,0.34,0.1,0.51,0.14,0.71,0.15,0.52,0.5,0.02,0.48,2818.0,494.0,1270.9016718807818,722.0,0.02428768459649477,25.621007806955287,653.0,3471.0,0.188130221838087,792.0,349.0,140.0,128.0,57.0,1.8703260294568034,1466.0,0.8190000000000001,1.14,329868.0,25094.0
87,Heverlee - Waverse Baan,24062D04-,D04,HEVERLEE WEST,182.0,501.0,193.0,876.0,172.0,508.0,163.0,843.0,354.0,1009.0,356.0,721.0,712.0,9.0,998.0,0.11,0.29,0.11,0.51,0.1,0.3,0.09,0.49,0.21,0.59,0.2,0.42,0.41,0.01,0.58,1719.0,350.0,851.9617855821307,484.0,0.01628149493726242,28.15590459569517,294.0,2013.0,0.14605067064083457,174.0,203.0,79.0,102.0,83.0,2.6102964118564738,641.0,0.816,1.28,333116.0,33468.0
88,Molenbeek,24062D05-,D05,HEVERLEE OOST,54.0,177.0,46.0,277.0,45.0,164.0,107.0,316.0,99.0,341.0,153.0,234.0,233.0,1.0,359.0,0.09,0.3,0.08,0.47,0.08,0.28,0.18,0.54,0.17,0.58,0.26,0.39,0.39,0.0,0.61,593.0,95.0,161.943149325529,92.0,0.003094829616173849,15.51433389544688,375.0,968.0,0.38739669421487605,188.0,70.0,27.0,26.0,15.0,1.8241308793456033,326.0,0.8190000000000001,1.14,346745.0,24769.0
89,Sint-Antonius,24062D10-,D10,HEVERLEE OOST,87.0,346.0,56.0,489.0,63.0,283.0,56.0,402.0,150.0,629.0,112.0,488.0,476.0,12.0,402.0,0.1,0.39,0.06,0.55,0.07,0.32,0.06,0.45,0.17,0.71,0.12,0.55,0.53,0.01,0.45,890.0,249.0,480.5486931072762,273.0,0.0091835704914724,30.674157303370787,274.0,1164.0,0.23539518900343642,214.0,141.0,44.0,40.0,19.0,1.9383187772925765,458.0,0.8190000000000001,1.14,351006.0,26869.0
90,H. Hart,24062D11-,D11,HEVERLEE OOST,127.0,365.0,53.0,545.0,101.0,359.0,71.0,531.0,228.0,724.0,124.0,582.0,568.0,14.0,494.0,0.12,0.34,0.05,0.51,0.09,0.33,0.07,0.49,0.21,0.67,0.12,0.54,0.53,0.01,0.46,1076.0,244.0,501.67171258451907,285.0,0.009587243919668987,26.486988847583643,67.0,1143.0,0.05861767279090114,153.0,183.0,56.0,55.0,31.0,2.252382612738261,478.0,0.8190000000000001,1.14,335779.0,27136.0
91,Heverlee Kerkhof,24062D19-,D19,HEVERLEE OOST,5.0,29.0,6.0,40.0,6.0,31.0,7.0,44.0,11.0,60.0,13.0,56.0,56.0,0.0,28.0,0.06,0.35,0.07,0.48,0.07,0.37,0.08,0.52,0.13,0.72,0.15,0.67,0.67,0.0,0.33,84.0,32.0,334.4478083896794,190.0,0.0063914959464459915,226.19047619047618,3.0,87.0,0.034482758620689655,22.0,12.0,7.0,,,0.0,41.0,0.8190000000000001,1.14,349271.0,29279.0
92,Heverlee Park,24062D209,D209,HEVERLEE OOST,67.0,214.0,34.0,315.0,85.0,208.0,41.0,334.0,152.0,422.0,75.0,338.0,333.0,5.0,312.0,0.1,0.33,0.05,0.48,0.13,0.32,0.06,0.51,0.23,0.65,0.11,0.52,0.51,0.01,0.48,650.0,142.0,332.6875567665758,189.0,0.006357856494096276,29.076923076923077,26.0,676.0,0.038461538461538464,89.0,70.0,32.0,52.0,21.0,2.453125,264.0,0.8190000000000001,1.14,346256.0,32849.0
93,Matadi,24062D21-,D21,HEVERLEE OOST,146.0,581.0,91.0,818.0,135.0,555.0,104.0,794.0,281.0,1136.0,195.0,786.0,766.0,20.0,826.0,0.09,0.36,0.06,0.51,0.08,0.34,0.06,0.48,0.17,0.7,0.12,0.49,0.48,0.01,0.51,1612.0,405.0,651.2931005483231,370.0,0.012446597369394826,22.95285359801489,422.0,2034.0,0.20747295968534907,340.0,236.0,81.0,65.0,53.0,2.0529569892473116,775.0,0.8190000000000001,1.14,351498.0,29390.0
94,Saffranenberg,24062D22-,D22,HEVERLEE OOST,235.0,902.0,264.0,1401.0,249.0,906.0,392.0,1547.0,484.0,1808.0,656.0,1405.0,1369.0,36.0,1543.0,0.08,0.31,0.09,0.48,0.08,0.31,0.13,0.52,0.16,0.62,0.22,0.48,0.46,0.01,0.52,2948.0,538.0,839.6400242204057,477.0,0.01604601877081441,16.18046132971506,89.0,3037.0,0.02930523542970036,558.0,466.0,157.0,146.0,72.0,2.094694012206521,1399.0,0.8190000000000001,1.14,350770.0,30443.0
95,Heverlee Kazerne,24062D290,D290,HEVERLEE OOST,8.0,59.0,5.0,72.0,8.0,40.0,7.0,55.0,16.0,99.0,12.0,77.0,76.0,1.0,52.0,0.06,0.46,0.04,0.56,0.06,0.31,0.05,0.42,0.12,0.77,0.09,0.6,0.59,0.01,0.4,129.0,56.0,49.28704544690012,28.0,0.0009419046657920409,21.705426356589147,1.0,130.0,0.007692307692307693,19.0,15.0,8.0,6.0,,2.0208333333333335,48.0,0.8190000000000001,1.14,342645.0,28970.0
96,De Jacht,24062D310,D310,HEVERLEE WEST,88.0,232.0,81.0,401.0,75.0,226.0,220.0,521.0,163.0,458.0,301.0,310.0,309.0,1.0,613.0,0.1,0.25,0.09,0.44,0.08,0.24,0.24,0.56,0.18,0.49,0.33,0.34,0.33,0.0,0.66,923.0,140.0,362.6118343593366,206.0,0.006929727184041444,22.318526543878654,103.0,1026.0,0.10038986354775828,89.0,121.0,31.0,43.0,28.0,2.3814102564102564,312.0,0.816,1.28,332966.0,22015.0
97,Heverleebos,24062D390,D390,HEVERLEE WEST,0.0,8.0,0.0,8.0,0.0,10.0,0.0,10.0,0.0,18.0,0.0,10.0,10.0,0.0,8.0,0.0,0.44,0.0,0.44,0.0,0.56,0.0,0.56,0.0,1.0,0.0,0.56,0.56,0.0,0.44,18.0,6.0,0.0,0.0,0.0,0.0,,,,0.0,0.0,0.0,0.0,0.0,,0.0,0.816,1.28,,
98,Campus Heverlee,24062D410,D410,HEVERLEE WEST,0.0,288.0,6.0,294.0,0.0,137.0,0.0,137.0,0.0,425.0,6.0,67.0,66.0,1.0,364.0,0.0,0.67,0.01,0.68,0.0,0.32,0.0,0.32,0.0,0.99,0.01,0.16,0.15,0.0,0.84,431.0,14.0,413.65913142934033,235.0,0.0079052713021832,54.524361948955914,1564.0,1995.0,0.7839598997493734,397.0,12.0,,,,1.0293398533007334,409.0,0.816,1.28,340465.0,25864.0
99,Egenhoven,24062D500,D500,HEVERLEE WEST,63.0,212.0,71.0,346.0,67.0,207.0,78.0,352.0,130.0,419.0,149.0,289.0,278.0,11.0,409.0,0.09,0.3,0.1,0.49,0.1,0.3,0.11,0.51,0.19,0.6,0.21,0.41,0.4,0.02,0.59,698.0,92.0,288.6812661889864,164.0,0.005516870185353382,23.49570200573066,31.0,729.0,0.04252400548696845,69.0,103.0,42.0,52.0,16.0,2.4666249478514812,282.0,0.816,1.28,335587.0,29034.0
100,Booleeg,24062D512,D512,HEVERLEE WEST,64.0,224.0,45.0,333.0,63.0,236.0,36.0,335.0,127.0,460.0,81.0,321.0,316.0,5.0,347.0,0.1,0.34,0.07,0.51,0.09,0.35,0.05,0.49,0.19,0.69,0.12,0.48,0.47,0.01,0.52,668.0,157.0,227.0724593803613,129.0,0.004339489353113331,19.311377245508982,12.0,680.0,0.01764705882352941,39.0,107.0,38.0,47.0,21.0,2.6480331262939956,252.0,0.816,1.28,334978.0,42414.0
101,ROTSPOEL-VERSPREIDE BEWONING,24062D591,D591,HEVERLEE WEST,10.0,29.0,14.0,53.0,7.0,32.0,11.0,50.0,17.0,61.0,25.0,53.0,53.0,0.0,49.0,0.1,0.28,0.14,0.52,0.07,0.31,0.11,0.49,0.17,0.59,0.25,0.52,0.52,0.0,0.48,102.0,23.0,214.75069801863626,122.0,0.004104013186665321,119.6078431372549,1.0,103.0,0.009708737864077669,13.0,21.0,,6.0,,1.975,40.0,0.816,1.28,335621.0,35873.0
102,Terbank,24062D60-,D60,HEVERLEE WEST,56.0,299.0,48.0,403.0,61.0,275.0,61.0,397.0,117.0,574.0,109.0,470.0,451.0,19.0,329.0,0.07,0.37,0.06,0.5,0.08,0.34,0.08,0.5,0.15,0.71,0.14,0.59,0.56,0.02,0.41,799.0,194.0,498.151209338312,283.0,0.009519965014969557,35.41927409261577,290.0,1089.0,0.2662993572084481,206.0,135.0,34.0,28.0,18.0,1.873091279267051,421.0,0.816,1.28,335631.0,24508.0
103,Ter Elst,24062D61-,D61,HEVERLEE WEST,69.0,178.0,50.0,297.0,66.0,173.0,74.0,313.0,135.0,351.0,124.0,274.0,268.0,6.0,336.0,0.11,0.29,0.08,0.48,0.11,0.28,0.12,0.51,0.22,0.57,0.2,0.45,0.44,0.01,0.55,610.0,96.0,158.42264607932182,90.0,0.003027550711474417,14.754098360655737,65.0,675.0,0.0962962962962963,71.0,80.0,25.0,35.0,31.0,2.5374075685080473,242.0,0.816,1.28,335789.0,29449.0
104,Vogelzang,24062D622,D622,HEVERLEE WEST,63.0,253.0,100.0,416.0,47.0,190.0,245.0,482.0,110.0,443.0,345.0,299.0,294.0,5.0,599.0,0.07,0.28,0.11,0.46,0.05,0.21,0.27,0.53,0.12,0.49,0.38,0.33,0.33,0.01,0.67,898.0,110.0,292.2017694351936,166.0,0.005584149090052814,18.485523385300667,311.0,1209.0,0.2572373862696443,255.0,111.0,31.0,35.0,16.0,1.7857142857142858,448.0,0.816,1.28,334024.0,24150.0
105,Gasthuisberg,24062D633,D633,HEVERLEE WEST,12.0,27.0,0.0,39.0,14.0,33.0,6.0,53.0,26.0,60.0,6.0,48.0,48.0,0.0,43.0,0.13,0.3,0.0,0.43,0.15,0.36,0.07,0.58,0.28,0.66,0.07,0.53,0.53,0.0,0.47,91.0,14.0,227.0724593803613,129.0,0.004339489353113331,141.75824175824175,11.0,102.0,0.10784313725490197,8.0,7.0,7.0,5.0,5.0,1.96875,32.0,0.816,1.28,331195.0,28973.0
106,Ijzermolen,24062D644,D644,HEVERLEE WEST,185.0,1073.0,187.0,1445.0,174.0,966.0,268.0,1408.0,359.0,2039.0,455.0,1332.0,1289.0,43.0,1521.0,0.06,0.38,0.07,0.51,0.06,0.34,0.09,0.49,0.12,0.72,0.16,0.47,0.45,0.02,0.53,2853.0,538.0,973.4191475762775,553.0,0.01860261714939281,19.38310550297932,918.0,3771.0,0.24343675417661098,890.0,424.0,145.0,90.0,51.0,1.7546428571428572,1600.0,0.816,1.28,340302.0,25854.0
107,Alsemberg,24062D691,D691,HEVERLEE WEST,28.0,49.0,12.0,89.0,23.0,51.0,17.0,91.0,51.0,100.0,29.0,83.0,83.0,0.0,96.0,0.16,0.27,0.07,0.5,0.13,0.28,0.09,0.5,0.29,0.55,0.16,0.46,0.46,0.0,0.54,179.0,29.0,80.9715746627645,46.0,0.0015474148080869244,25.69832402234637,2.0,181.0,0.011049723756906077,11.0,15.0,11.0,16.0,8.0,2.9704918032786884,61.0,0.816,1.28,333245.0,33853.0
108,Ijzeren Brugje,24062E70-,E70,HEVERLEE OOST,54.0,165.0,37.0,256.0,54.0,152.0,50.0,256.0,108.0,317.0,87.0,257.0,249.0,8.0,254.0,0.11,0.32,0.07,0.5,0.11,0.3,0.1,0.51,0.22,0.62,0.17,0.5,0.49,0.02,0.5,511.0,127.0,209.46994314932553,119.0,0.004003094829616174,23.28767123287671,23.0,534.0,0.04307116104868914,49.0,62.0,33.0,29.0,23.0,2.620110544217687,196.0,0.8190000000000001,1.14,334710.0,31501.0
109,Spaanse Kroon,24062E710,E710,HEVERLEE OOST,83.0,254.0,98.0,435.0,71.0,247.0,106.0,424.0,154.0,501.0,204.0,402.0,383.0,18.0,458.0,0.1,0.3,0.11,0.51,0.08,0.29,0.12,0.49,0.18,0.59,0.23,0.47,0.45,0.02,0.53,860.0,164.0,309.80428566622936,176.0,0.005920543613549972,20.46511627906977,17.0,877.0,0.019384264538198404,105.0,154.0,43.0,44.0,26.0,2.3103225806451615,372.0,0.8190000000000001,1.14,337183.0,33803.0
110,Ziekelingen,24062E72-,E72,HEVERLEE OOST,33.0,88.0,20.0,141.0,30.0,93.0,32.0,155.0,63.0,181.0,52.0,147.0,142.0,5.0,150.0,0.11,0.3,0.07,0.48,0.1,0.31,0.11,0.52,0.21,0.61,0.18,0.49,0.48,0.02,0.51,297.0,54.0,193.62767854139335,110.0,0.0037003397584687322,37.03703703703704,7.0,304.0,0.023026315789473683,41.0,34.0,10.0,20.0,15.0,2.4875,120.0,0.8190000000000001,1.14,335820.0,31586.0
111,De Mol,24062E732,E732,HEVERLEE OOST,129.0,314.0,85.0,528.0,129.0,328.0,95.0,552.0,258.0,642.0,180.0,432.0,416.0,15.0,648.0,0.12,0.29,0.08,0.49,0.12,0.3,0.09,0.51,0.24,0.59,0.17,0.4,0.39,0.01,0.6,1080.0,194.0,397.81686682140815,226.0,0.007602516231035758,20.925925925925924,10.0,1090.0,0.009174311926605505,108.0,140.0,62.0,54.0,51.0,2.585542168674699,415.0,0.8190000000000001,1.14,335787.0,27161.0
112,Predikherenbrug,24062E742,E742,KESSEL-LO ZUID,18.0,93.0,25.0,136.0,23.0,91.0,38.0,152.0,41.0,184.0,63.0,130.0,129.0,1.0,158.0,0.06,0.32,0.09,0.47,0.08,0.32,0.13,0.53,0.14,0.64,0.22,0.45,0.45,0.0,0.55,288.0,48.0,158.42264607932182,90.0,0.003027550711474417,31.25,8.0,296.0,0.02702702702702703,41.0,41.0,14.0,21.0,7.0,2.311491935483871,124.0,0.861,0.811,334751.0,31963.0
113,HAASRODE INDUSTRIEZONE,24062E774,E774,HEVERLEE OOST,11.0,51.0,13.0,75.0,16.0,48.0,16.0,80.0,27.0,99.0,29.0,80.0,79.0,1.0,75.0,0.07,0.33,0.08,0.48,0.1,0.31,0.1,0.51,0.17,0.64,0.18,0.52,0.51,0.01,0.48,155.0,29.0,1959.1600565142799,1113.0,0.037440710465233625,718.0645161290323,6.0,161.0,0.037267080745341616,19.0,20.0,13.0,8.0,,2.1666666666666665,60.0,0.8190000000000001,1.14,340097.0,32162.0
114,Den Duivel,24062E790,E790,HEVERLEE OOST,31.0,78.0,26.0,135.0,34.0,89.0,24.0,147.0,65.0,167.0,50.0,148.0,147.0,1.0,135.0,0.11,0.28,0.09,0.48,0.12,0.31,0.08,0.51,0.23,0.59,0.17,0.52,0.52,0.0,0.48,283.0,78.0,109.1356006324217,62.0,0.0020856460456823763,21.908127208480565,3.0,286.0,0.01048951048951049,30.0,36.0,12.0,25.0,9.0,2.544642857142857,112.0,0.8190000000000001,1.14,339657.0,32685.0
115,Wijgmaal-kern,24062F40-,F40,WILSELE WIJGMAAL,341.0,720.0,160.0,1221.0,295.0,793.0,192.0,1280.0,636.0,1513.0,352.0,1120.0,1088.0,32.0,1381.0,0.14,0.29,0.06,0.49,0.12,0.32,0.08,0.52,0.26,0.61,0.14,0.45,0.44,0.01,0.55,2501.0,476.0,1267.3811686345746,720.0,0.024220405691795337,28.78848460615754,38.0,2539.0,0.014966522252855455,264.0,298.0,136.0,155.0,96.0,2.5443645329268416,949.0,0.925,1.45,289306.0,27802.0
116,Wijveld,24062F412,F412,WILSELE WIJGMAAL,74.0,162.0,59.0,295.0,59.0,175.0,74.0,308.0,133.0,337.0,133.0,253.0,248.0,5.0,350.0,0.12,0.27,0.1,0.49,0.1,0.29,0.12,0.51,0.22,0.56,0.22,0.42,0.41,0.01,0.58,603.0,90.0,142.58038147138964,81.0,0.0027247956403269754,13.432835820895523,3.0,606.0,0.0049504950495049506,57.0,83.0,31.0,42.0,22.0,2.557222844344905,235.0,0.925,1.45,288760.0,33188.0
117,Dries,24062F491,F491,WILSELE WIJGMAAL,77.0,201.0,67.0,345.0,75.0,211.0,68.0,354.0,152.0,412.0,135.0,328.0,324.0,4.0,370.0,0.11,0.29,0.1,0.5,0.11,0.3,0.1,0.51,0.22,0.59,0.2,0.47,0.46,0.01,0.53,698.0,140.0,334.4478083896794,190.0,0.0063914959464459915,27.22063037249284,10.0,708.0,0.014124293785310734,46.0,110.0,33.0,42.0,32.0,2.662455537838833,263.0,0.925,1.45,295872.0,34711.0
118,,,,,,,,,,,,,,,,,,,,,,,,,,,,,,,,,,,,,52327.0,,,,35152.0,,,,,,,,,,,,,
